# Local planar approximation about anchor (-70.85000, 32.26000). Lunar radius 1737400 m. Valid only within this crop. Not geodetic coordinates.
match_id,src_x,src_y,ref_x,ref_y,residual_px,is_inlier,src_lat,src_lon,ref_lat,ref_lon,confidence
0,326.56,39.06,314.30,56.66,20.7430,0,-70.7938180,32.2251540,-70.0757479,31.6709025,0.0000
1,360.94,39.06,361.00,39.07,6.3650,1,-70.7938180,32.2414649,-70.0360935,31.9918862,0.5757
2,385.94,39.06,383.33,56.30,20.2934,0,-70.7938180,32.2533274,-70.0749483,32.1454033,0.0000
3,410.94,42.19,413.80,63.88,25.2872,0,-70.7943045,32.2651898,-70.0920480,32.3548917,0.0000
4,435.94,51.56,436.95,54.46,5.9065,1,-70.7957637,32.2770523,-70.0707901,32.5140157,0.6062
5,676.56,60.94,664.35,49.18,26.3396,0,-70.7972230,32.3912285,-70.0588806,34.0771869,0.0000
6,714.06,54.69,733.89,39.42,12.1736,1,-70.7962502,32.4090222,-70.0368728,34.5552008,0.1884
7,60.94,64.06,63.55,64.04,25.4880,0,-70.7977094,32.0991154,-70.0923944,29.9471454,0.0000
8,85.94,64.06,86.00,79.19,26.0985,0,-70.7977094,32.1109778,-70.1265534,30.1015180,0.0000
9,110.94,64.06,123.49,85.91,39.0945,0,-70.7977094,32.1228403,-70.1417289,30.3591836,0.0000
10,264.06,85.94,239.09,64.61,25.9217,0,-70.8011144,32.1954979,-70.0936834,31.1538671,0.0000
11,360.94,64.06,363.08,64.06,7.7440,1,-70.7977094,32.2414649,-70.0924419,32.0061924,0.4837
12,385.94,64.06,383.46,64.08,2.2075,1,-70.7977094,32.2533274,-70.0925008,32.1463322,0.8528
13,410.94,64.06,414.00,76.10,14.8511,0,-70.7977094,32.2651898,-70.1196012,32.3562249,0.0000
14,435.94,64.06,422.64,79.66,21.2728,0,-70.7977094,32.2770523,-70.1276157,32.4156189,0.0000
15,460.94,64.06,463.82,60.96,2.7827,1,-70.7977094,32.2889148,-70.0854626,32.6986987,0.8145
16,714.06,64.06,731.83,66.11,6.2660,1,-70.7977094,32.4090222,-70.0970584,34.5410911,0.5823
17,57.81,101.56,63.84,89.07,32.5843,0,-70.8035465,32.0976325,-70.1488550,29.9491445,0.0000
18,123.44,89.06,159.74,113.90,60.1028,0,-70.8016008,32.1287715,-70.2048443,30.6084058,0.0000
19,239.06,107.81,214.08,108.17,12.8013,1,-70.8045194,32.1836354,-70.1919146,30.9819489,0.1466
20,264.06,104.69,240.95,112.89,13.9485,1,-70.8040329,32.1954979,-70.2025645,31.1666629,0.0701
21,323.44,89.06,339.05,113.79,33.6330,0,-70.8016008,32.2236712,-70.2045871,31.8410231,0.0000
22,360.94,92.19,359.07,92.62,3.4402,1,-70.8020873,32.2414649,-70.1568590,31.9786249,0.7707
23,385.94,89.06,385.06,91.54,3.9514,1,-70.8016008,32.2533274,-70.1544168,32.1573156,0.7366
24,410.94,89.06,413.99,89.44,5.5116,1,-70.8016008,32.2651898,-70.1496727,32.3561668,0.6326
25,435.94,110.94,421.28,88.94,26.7182,0,-70.8050058,32.2770523,-70.1485454,32.4062502,0.0000
26,460.94,89.06,463.51,89.13,2.1895,1,-70.8016008,32.2889148,-70.1489775,32.6965876,0.8540
27,482.81,110.94,484.96,90.62,20.8924,0,-70.8050058,32.2992944,-70.1523414,32.8440503,0.0000
28,523.44,89.06,514.14,115.98,30.9132,0,-70.8016008,32.3185709,-70.2095165,33.0446158,0.0000
29,589.06,101.56,589.06,109.52,11.7251,1,-70.8035465,32.3497099,-70.1949660,33.5596528,0.2183
30,614.06,89.06,616.54,85.94,7.0606,1,-70.8016008,32.3615723,-70.1417864,33.7485664,0.5293
31,710.94,89.06,689.05,86.15,36.8667,0,-70.8016008,32.4075394,-70.1422645,34.2470023,0.0000
32,714.06,89.06,730.48,89.22,2.6122,1,-70.8016008,32.4090222,-70.1491864,34.5317872,0.8259
33,54.69,114.06,62.22,134.85,35.0694,0,-70.8054922,32.0961497,-70.2520894,29.9380090,0.0000
34,64.06,120.31,81.63,114.16,41.1106,0,-70.8064651,32.1005982,-70.2054138,30.0714321,0.0000
35,360.94,120.31,358.17,114.20,8.3278,1,-70.8064651,32.2414649,-70.2055087,31.9724246,0.4448
36,385.94,114.06,387.94,110.95,7.2571,1,-70.8054922,32.2533274,-70.1981798,32.1770683,0.5162
37,410.94,135.94,412.54,127.28,11.7315,1,-70.8088972,32.2651898,-70.2350180,32.3461681,0.2179
38,435.94,123.44,433.18,118.99,6.3550,1,-70.8069515,32.2770523,-70.2163211,32.4880944,0.5763
39,439.06,123.44,462.26,132.92,25.0608,0,-70.8069515,32.2785351,-70.2477163,32.6880056,0.0000
40,523.44,114.06,514.16,139.42,28.3006,0,-70.8054922,32.3185709,-70.2623843,33.0447325,0.0000
41,614.06,120.31,617.19,110.94,11.6162,1,-70.8064651,32.3615723,-70.1981569,33.7529979,0.2256
42,685.94,114.06,685.98,126.30,18.6640,0,-70.8054922,32.3956769,-70.2328023,34.2258653,0.0000
43,710.94,114.06,689.11,126.07,39.0661,0,-70.8054922,32.4075394,-70.2322855,34.2473967,0.0000
44,723.44,114.06,730.15,132.74,21.4568,0,-70.8054922,32.4134706,-70.2473167,34.5294834,0.0000
45,39.06,154.69,58.98,160.67,43.5039,0,-70.8118157,32.0887357,-70.3103025,29.9157876,0.0000
46,151.56,139.06,151.80,141.97,17.4406,0,-70.8093836,32.1421168,-70.2681387,30.5537935,0.0000
47,214.06,139.06,213.43,149.89,14.6548,0,-70.8093836,32.1717729,-70.2859882,30.9774856,0.0000
48,239.06,139.06,214.92,150.10,14.1114,1,-70.8093836,32.1836354,-70.2864643,30.9877062,0.0592
49,264.06,139.06,261.06,162.85,21.6233,0,-70.8093836,32.1954979,-70.3152309,31.3049033,0.0000
50,289.06,145.31,264.06,163.50,21.4347,0,-70.8103565,32.2073603,-70.3166916,31.3255406,0.0000
51,360.94,139.06,364.03,149.29,10.8906,1,-70.8093836,32.2414649,-70.2846507,32.0127417,0.2740
52,385.94,160.94,377.26,148.87,16.9746,0,-70.8127886,32.2533274,-70.2836922,32.1036680,0.0000
53,410.94,142.19,411.37,144.71,2.5503,1,-70.8098700,32.2651898,-70.2743190,32.3381883,0.8300
54,414.06,142.19,438.86,148.93,26.9979,0,-70.8098700,32.2666726,-70.2838330,32.5271219,0.0000
55,457.81,160.94,457.83,163.06,1.6720,1,-70.8127886,32.2874319,-70.3156852,32.6575544,0.8885
56,464.06,160.94,477.06,154.97,15.2573,1,-70.8127886,32.2903976,-70.2974587,32.7897281,0.0000
57,489.06,139.06,489.57,150.65,9.6140,1,-70.8093836,32.3022600,-70.2877141,32.8757541,0.3591
58,539.06,139.06,539.38,140.13,5.0615,1,-70.8093836,32.3259849,-70.2639780,33.2181176,0.6626
59,573.44,139.06,566.63,139.36,14.1810,0,-70.8093836,32.3422958,-70.2622553,33.4054411,0.0000
60,685.94,151.56,685.37,139.14,20.2064,0,-70.8113293,32.3956769,-70.2617559,34.2216701,0.0000
61,689.06,151.56,705.09,152.29,2.1439,1,-70.8113293,32.3971597,-70.2914017,34.3572261,0.8571
62,79.69,164.06,60.94,165.00,5.7521,1,-70.8132750,32.1080122,-70.3200609,29.9292433,0.6165
63,192.19,164.06,186.06,182.20,15.2768,1,-70.8132750,32.1613933,-70.3588553,30.7893257,0.0000
64,214.06,164.06,189.35,182.83,17.5880,0,-70.8132750,32.1717729,-70.3602807,30.8119781,0.0000
65,239.06,164.06,223.45,174.29,6.2596,1,-70.8132750,32.1836354,-70.3410159,31.0463904,0.5827
66,264.06,164.06,235.95,188.98,26.6009,0,-70.8132750,32.1954979,-70.3741504,31.1322598,0.0000
67,289.06,164.06,289.89,169.41,9.8676,1,-70.8132750,32.2073603,-70.3300239,31.5030857,0.3422
68,360.94,164.06,363.57,174.99,9.9291,1,-70.8132750,32.2414649,-70.3426019,32.0095485,0.3381
69,385.94,167.19,384.64,163.85,8.0509,1,-70.8137614,32.2533274,-70.3174735,32.1544152,0.4633
70,410.94,164.06,409.40,168.12,0.4283,1,-70.8132750,32.2651898,-70.3270950,32.3246430,0.9714
71,435.94,179.69,434.76,188.07,3.6170,1,-70.8157071,32.2770523,-70.3721010,32.4989526,0.7589
72,457.81,164.06,451.60,177.61,11.9807,1,-70.8132750,32.2874319,-70.3485118,32.6146857,0.2013
73,464.06,164.06,474.80,164.31,10.2393,1,-70.8132750,32.2903976,-70.3185061,32.7741663,0.3174
74,492.19,164.06,489.32,164.19,6.6032,1,-70.8132750,32.3037428,-70.3182515,32.8739924,0.5598
75,660.94,164.06,662.95,164.43,10.7504,1,-70.8132750,32.3838145,-70.3187799,34.0675650,0.2833
76,682.81,164.06,666.20,164.38,30.4943,0,-70.8132750,32.3941941,-70.3186814,34.0898864,0.0000
77,710.94,176.56,701.76,164.16,29.0891,0,-70.8152207,32.4075394,-70.3181665,34.3343357,0.0000
78,726.56,164.06,714.44,164.56,28.5166,0,-70.8132750,32.4149534,-70.3190664,34.4215018,0.0000
79,85.94,189.06,57.91,189.09,10.5432,1,-70.8171664,32.1109778,-70.3743853,29.9084386,0.2971
80,110.94,189.06,89.01,198.10,3.1813,1,-70.8171664,32.1228403,-70.3947178,30.1221664,0.7879
81,126.56,210.94,90.89,197.16,28.3941,0,-70.8205714,32.1302543,-70.3925968,30.1351475,0.0000
82,160.94,189.06,129.69,191.38,15.6923,0,-70.8171664,32.1465652,-70.3795584,30.4018265,0.0000
83,179.69,198.44,139.10,189.09,30.5240,0,-70.8186257,32.1554621,-70.3743864,30.4664935,0.0000
84,204.69,195.31,186.96,189.07,14.0151,0,-70.8181392,32.1673245,-70.3743443,30.7955508,0.0000
85,214.06,189.06,189.27,189.03,13.4228,1,-70.8171664,32.1717729,-70.3742609,30.8113860,0.1051
86,239.06,210.94,226.26,190.31,28.5291,0,-70.8205714,32.1836354,-70.3771539,31.0656835,0.0000
87,264.06,189.06,239.08,185.94,17.5114,0,-70.8171664,32.1954979,-70.3672859,31.1538317,0.0000
88,289.06,189.06,307.82,199.51,27.9380,0,-70.8171664,32.2073603,-70.3978809,31.6263364,0.0000
89,335.94,195.31,326.73,195.10,7.2835,1,-70.8181392,32.2296024,-70.3879358,31.7563057,0.5144
90,360.94,189.06,362.48,213.43,19.5316,0,-70.8171664,32.2414649,-70.4292751,32.0020660,0.0000
91,385.94,189.06,389.02,190.22,7.8007,1,-70.8171664,32.2533274,-70.3769365,32.1845238,0.4800
92,410.94,189.06,409.62,189.00,5.6352,1,-70.8171664,32.2651898,-70.3741850,32.3261455,0.6243
93,435.94,189.06,433.00,201.33,7.3413,1,-70.8171664,32.2770523,-70.4019889,32.4868235,0.5106
94,457.81,189.06,451.58,189.24,8.7732,1,-70.8171664,32.2874319,-70.3747255,32.6145433,0.4151
95,464.06,189.06,465.66,189.35,4.9439,1,-70.8171664,32.2903976,-70.3749769,32.7113293,0.6704
96,523.44,189.06,514.27,189.29,14.6350,0,-70.8171664,32.3185709,-70.3748477,33.0455213,0.0000
97,726.56,210.94,736.54,189.74,26.8948,0,-70.8205714,32.4149534,-70.3758648,34.5734285,0.0000
98,85.94,214.06,51.73,235.26,18.3437,0,-70.8210578,32.1109778,-70.4784984,29.8658970,0.0000
99,110.94,214.06,86.63,215.22,9.3269,1,-70.8210578,32.1228403,-70.4333122,30.1058312,0.3782
100,126.56,220.31,89.00,218.06,22.5420,0,-70.8220306,32.1302543,-70.4397290,30.1221045,0.0000
101,154.69,223.44,126.56,214.07,21.8716,0,-70.8225171,32.1435996,-70.4307233,30.3803501,0.0000
102,164.06,223.44,163.93,214.69,23.7954,0,-70.8225171,32.1480480,-70.4321311,30.6372059,0.0000
103,207.81,214.06,187.16,215.94,9.6352,1,-70.8210578,32.1688073,-70.4349493,30.7968902,0.3577
104,214.06,235.94,198.08,222.59,23.0405,0,-70.8244627,32.1717729,-70.4499282,30.8719787,0.0000
105,239.06,235.94,216.55,224.68,23.3582,0,-70.8244627,32.1836354,-70.4546451,30.9989537,0.0000
106,273.44,214.06,239.11,214.43,25.8100,0,-70.8210578,32.1999463,-70.4315353,31.1540287,0.0000
107,289.06,235.94,311.72,234.94,32.8031,0,-70.8244627,32.2073603,-70.4777897,31.6531216,0.0000
108,360.94,214.06,358.47,230.45,9.3182,1,-70.8210578,32.2414649,-70.4676697,31.9745081,0.3788
109,410.94,214.06,411.87,214.99,6.6010,1,-70.8210578,32.2651898,-70.4327914,32.3416040,0.5599
110,435.94,226.56,427.12,214.15,21.7935,0,-70.8230035,32.2770523,-70.4308965,32.4464397,0.0000
111,457.81,214.06,451.60,239.54,20.1306,0,-70.8210578,32.2874319,-70.4881597,32.6147329,0.0000
112,464.06,214.06,464.62,220.11,1.0733,1,-70.8210578,32.2903976,-70.4443406,32.7042097,0.9284
113,539.06,214.06,539.14,214.56,8.0679,1,-70.8210578,32.3259849,-70.4318278,33.2164825,0.4621
114,570.31,235.94,564.51,215.47,30.8743,0,-70.8244627,32.3408130,-70.4338698,33.3908863,0.0000
115,607.81,214.06,614.14,214.10,6.6934,1,-70.8210578,32.3586067,-70.4307932,33.7320283,0.5538
116,692.19,226.56,706.83,214.64,17.9042,0,-70.8230035,32.3986425,-70.4320098,34.3692157,0.0000
117,73.44,239.06,51.61,239.13,10.4959,1,-70.8249492,32.1050466,-70.4872411,29.8651151,0.3003
118,101.56,260.94,83.12,251.91,20.6777,0,-70.8283541,32.1183919,-70.5160554,30.0816860,0.0000
119,135.94,248.44,89.09,251.86,30.3457,0,-70.8264084,32.1347027,-70.5159378,30.1227606,0.0000
120,148.44,251.56,117.99,239.06,27.0834,0,-70.8268949,32.1406340,-70.4870815,30.3214107,0.0000
121,185.94,260.94,157.83,251.88,24.3836,0,-70.8283541,32.1584277,-70.5159878,30.5952422,0.0000
122,214.06,260.94,201.59,249.22,22.6597,0,-70.8283541,32.1717729,-70.5099796,30.8961024,0.0000
123,239.06,239.06,214.08,255.39,15.1365,1,-70.8249492,32.1836354,-70.5238973,30.9819751,0.0000
124,264.06,260.94,239.19,259.41,19.3028,0,-70.8283541,32.1954979,-70.5329602,31.1545759,0.0000
125,289.06,260.94,311.69,260.51,32.9105,0,-70.8283541,32.2073603,-70.5354402,31.6529234,0.0000
126,410.94,260.94,412.69,276.80,6.8860,1,-70.8283541,32.2651898,-70.5721706,32.3472615,0.5409
127,435.94,257.81,426.63,268.55,9.4726,1,-70.8278677,32.2770523,-70.5535668,32.4430779,0.3685
128,473.44,260.94,464.90,237.65,34.3618,0,-70.8283541,32.2948460,-70.4838952,32.7061076,0.0000
129,489.06,245.31,489.34,254.20,2.8486,1,-70.8259220,32.3022600,-70.5212253,32.8741700,0.8101
130,539.06,239.06,539.60,239.88,8.7120,1,-70.8249492,32.3259849,-70.4889147,33.2196716,0.4192
131,710.94,260.94,710.34,240.02,33.2373,0,-70.8283541,32.4075394,-70.4892437,34.3933450,0.0000
132,85.94,285.94,58.20,284.11,16.8589,0,-70.8322455,32.1109778,-70.5886677,29.9104190,0.0000
133,98.44,282.81,80.84,264.06,31.7188,0,-70.8317591,32.1169090,-70.5434596,30.0660576,0.0000
134,135.94,264.06,95.77,288.51,26.2377,0,-70.8288406,32.1347027,-70.5985891,30.1686809,0.0000
135,148.44,285.94,133.53,288.94,9.9093,1,-70.8322455,32.1406340,-70.5995528,30.4282285,0.3394
136,185.94,285.94,149.79,285.83,25.2933,0,-70.8322455,32.1584277,-70.5925474,30.5400212,0.0000
137,207.81,285.94,182.82,283.76,18.9051,0,-70.8322455,32.1688073,-70.5878811,30.7670546,0.0000
138,239.06,285.94,225.71,285.59,12.7672,1,-70.8322455,32.1836354,-70.5920001,31.0619211,0.1489
139,264.06,285.94,239.10,286.09,19.3553,0,-70.8322455,32.1954979,-70.5931268,31.1539122,0.0000
140,289.06,285.94,288.98,287.13,13.4969,1,-70.8322455,32.2073603,-70.5954763,31.4968197,0.1002
141,410.94,285.94,413.84,313.62,17.0144,0,-70.8322455,32.2651898,-70.6552023,32.3551317,0.0000
142,435.94,264.06,434.10,310.58,36.8205,0,-70.8288406,32.2770523,-70.6483447,32.4943885,0.0000
143,473.44,270.31,465.15,265.18,18.3788,0,-70.8298134,32.2948460,-70.5459799,32.7078402,0.0000
144,489.06,285.94,489.47,264.16,32.5930,0,-70.8322455,32.3022600,-70.5436737,32.8750534,0.0000
145,682.81,267.19,687.12,285.70,14.3214,0,-70.8293270,32.3941941,-70.5922543,34.2337331,0.0000
146,710.94,285.94,710.61,286.11,18.8810,0,-70.8322455,32.4075394,-70.5931712,34.3951756,0.0000
147,714.06,285.94,736.09,286.32,10.5512,1,-70.8322455,32.4090222,-70.5936428,34.5703308,0.2966
148,70.31,310.94,61.20,311.99,17.9888,0,-70.8361369,32.1035638,-70.6515332,29.9310031,0.0000
149,98.44,289.06,88.68,299.63,9.9267,1,-70.8327320,32.1169090,-70.6236578,30.1199082,0.3382
150,135.94,289.06,91.95,297.44,27.2587,0,-70.8327320,32.1347027,-70.6187310,30.1424006,0.0000
151,151.56,289.06,129.43,307.27,7.9050,1,-70.8327320,32.1421168,-70.6409020,30.4000681,0.4730
152,185.94,310.94,139.06,308.01,36.8942,0,-70.8361369,32.1584277,-70.6425648,30.4662648,0.0000
153,210.94,295.31,179.83,335.66,32.9848,0,-70.8337048,32.1702901,-70.7049214,30.7465241,0.0000
154,214.06,295.31,204.03,311.74,4.3184,1,-70.8337048,32.1717729,-70.6509679,30.9128948,0.7121
155,239.06,310.94,214.17,313.67,17.6734,0,-70.8361369,32.1836354,-70.6553200,30.9825919,0.0000
156,289.06,310.94,266.41,303.34,25.5178,0,-70.8361369,32.2073603,-70.6320178,31.3416843,0.0000
157,317.19,310.94,291.21,286.81,42.1086,0,-70.8361369,32.2207056,-70.5947456,31.5121899,0.0000
158,360.94,301.56,363.15,314.13,6.2185,1,-70.8346776,32.2414649,-70.6563565,32.0066571,0.5854
159,410.94,310.94,413.58,329.69,7.1641,1,-70.8361369,32.2651898,-70.6914540,32.3533689,0.5224
160,429.69,310.94,435.34,325.93,6.1421,1,-70.8361369,32.2740867,-70.6829695,32.5029272,0.5905
161,460.94,301.56,439.99,329.10,27.6729,0,-70.8346776,32.2889148,-70.6901194,32.5349135,0.0000
162,660.94,310.94,662.55,311.36,15.9231,0,-70.8361369,32.3838145,-70.6501047,34.0648055,0.0000
163,682.81,310.94,687.03,311.21,14.9596,0,-70.8361369,32.3941941,-70.6497820,34.2331075,0.0000
164,60.94,335.94,51.59,363.51,16.3936,0,-70.8400283,32.0991154,-70.7677135,29.8649402,0.0000
165,214.06,335.94,213.26,328.56,25.4160,0,-70.8400283,32.1717729,-70.6889084,30.9763200,0.0000
166,239.06,335.94,214.74,328.49,26.2835,0,-70.8400283,32.1836354,-70.6887502,30.9864910,0.0000
167,264.06,335.94,239.06,327.03,28.5200,0,-70.8400283,32.1954979,-70.6854501,31.1536922,0.0000
168,310.94,335.94,273.73,338.17,32.9533,0,-70.8400283,32.2177400,-70.7105688,31.3920257,0.0000
169,317.19,335.94,291.01,333.89,25.9343,0,-70.8400283,32.2207056,-70.7009256,31.5107650,0.0000
170,360.94,335.94,364.06,362.12,13.6833,1,-70.8400283,32.2414649,-70.7645795,32.0129428,0.0878
171,410.94,335.94,413.38,345.95,5.2506,1,-70.8400283,32.2651898,-70.7281234,32.3519971,0.6500
172,432.81,329.69,435.75,361.40,18.3266,0,-70.8390555,32.2755695,-70.7629501,32.5057389,0.0000
173,439.06,326.56,440.48,361.47,21.5670,0,-70.8385690,32.2785351,-70.7631045,32.5382375,0.0000
174,710.94,314.06,710.95,336.72,20.1208,0,-70.8366233,32.4075394,-70.7072972,34.3974987,0.0000
175,214.06,360.94,209.88,352.05,26.8357,0,-70.8439197,32.1717729,-70.7418715,30.9530825,0.0000
176,239.06,360.94,223.30,374.94,5.6763,1,-70.8439197,32.1836354,-70.7934922,31.0453138,0.6216
177,264.06,360.94,239.53,388.42,18.8522,0,-70.8439197,32.1954979,-70.8238845,31.1569302,0.0000
178,289.06,354.69,264.37,361.57,19.1084,0,-70.8429469,32.2073603,-70.7633412,31.3276770,0.0000
179,314.06,351.56,295.30,361.72,13.4800,0,-70.8424604,32.2192228,-70.7636738,31.5402904,0.0000
180,360.94,351.56,335.94,386.18,28.7656,0,-70.8424604,32.2414649,-70.8188262,31.8196233,0.0000
181,385.94,339.06,388.99,361.12,9.3551,1,-70.8405147,32.2533274,-70.7623290,32.1842953,0.3763
182,410.94,360.94,410.33,386.90,10.4454,1,-70.8439197,32.2651898,-70.8204558,32.3310062,0.3036
183,429.69,354.69,436.74,385.79,17.4242,0,-70.8429469,32.2740867,-70.8179573,32.5125739,0.0000
184,476.56,339.06,464.89,386.56,36.6853,0,-70.8405147,32.2963288,-70.8196893,32.7060785,0.0000
185,73.44,379.69,50.37,387.72,11.0461,1,-70.8468382,32.1050466,-70.8222999,29.8565482,0.2636
186,220.31,379.69,200.43,386.59,13.6268,0,-70.8468382,32.1747386,-70.8197704,30.8880893,0.0000
187,264.06,364.06,240.05,408.05,31.1094,0,-70.8444061,32.1954979,-70.8681468,31.1604745,0.0000
188,364.06,385.94,389.00,390.33,31.0341,0,-70.8478111,32.2429477,-70.8281994,32.1843998,0.0000
189,514.06,370.31,514.35,404.74,19.6583,0,-70.8453790,32.3141225,-70.8606940,33.0460466,0.0000
190,429.69,410.94,436.96,415.26,15.4610,0,-70.8517025,32.2740867,-70.8844192,32.5140704,0.0000
191,439.06,410.94,450.07,415.20,17.0737,0,-70.8517025,32.2785351,-70.8842798,32.6041753,0.0000
192,514.06,407.81,514.35,415.18,11.4891,1,-70.8512161,32.3141225,-70.8842381,33.0460952,0.2341
193,170.31,414.06,138.57,439.75,18.2524,0,-70.8521889,32.1510136,-70.9396320,30.4629111,0.0000
194,239.06,414.06,216.49,461.91,30.7080,0,-70.8521889,32.1836354,-70.9896032,30.9985236,0.0000
195,439.06,420.31,456.80,439.79,16.4887,1,-70.8531618,32.2785351,-70.9397206,32.6504211,0.0000
196,476.56,435.94,464.78,439.68,21.9423,0,-70.8555939,32.2963288,-70.9394842,32.7052995,0.0000
197,489.06,414.06,489.51,439.11,7.8508,1,-70.8521889,32.3022600,-70.9382042,32.8753006,0.4766
198,514.06,414.06,514.39,439.46,9.1040,1,-70.8521889,32.3141225,-70.9389916,33.0463285,0.3931
199,289.06,439.06,289.06,464.37,8.5983,1,-70.8560803,32.2073603,-70.9951535,31.4973936,0.4268
200,489.06,445.31,489.52,464.08,4.0271,1,-70.8570531,32.3022600,-70.9945092,32.8753595,0.7315
201,151.56,473.44,105.18,489.13,32.2898,0,-70.8614310,32.1421168,-71.0509915,30.2333713,0.0000
202,189.06,485.94,174.44,489.59,20.5687,0,-70.8633767,32.1599105,-71.0520200,30.7094316,0.0000
203,235.94,473.44,223.22,510.13,13.8052,1,-70.8614310,32.1821526,-71.0983535,31.0447593,0.0797
204,239.06,473.44,236.42,485.95,12.8988,1,-70.8614310,32.1836354,-71.0438272,31.1355036,0.1401
205,264.06,473.44,264.06,506.39,13.1670,1,-70.8614310,32.1954979,-71.0899160,31.3255389,0.1222
206,335.94,473.44,312.07,498.50,19.6459,0,-70.8614310,32.2296024,-71.0721292,31.6555287,0.0000
207,379.69,485.94,387.54,490.13,21.0940,0,-70.8633767,32.2503617,-71.0532484,32.1743767,0.0000
208,435.94,473.44,436.10,504.30,9.0641,1,-70.8614310,32.2770523,-71.0852019,32.5081491,0.3957
209,442.19,473.44,439.85,502.00,7.8716,1,-70.8614310,32.2800179,-71.0800155,32.5339504,0.4752
210,476.56,467.19,464.70,513.32,29.3454,0,-70.8604581,32.2963288,-71.1055484,32.7047669,0.0000
211,489.06,470.31,489.55,490.04,4.3044,1,-70.8609445,32.3022600,-71.0530477,32.8756025,0.7130
212,514.06,470.31,514.38,488.83,6.2203,1,-70.8609445,32.3141225,-71.0503135,33.0462538,0.5853
213,542.19,464.06,539.37,489.39,11.3250,1,-70.8599717,32.3274678,-71.0515710,33.2180341,0.2450
214,667.19,464.06,710.92,490.23,29.6457,0,-70.8599717,32.3867801,-71.0534804,34.3973418,0.0000
215,182.81,510.94,150.63,535.06,19.1968,0,-70.8672680,32.1569449,-71.1545742,30.5458119,0.0000
216,189.06,489.06,175.68,515.34,2.0348,1,-70.8638631,32.1599105,-71.1100870,30.7179797,0.8643
217,235.94,489.06,215.30,531.99,21.6376,0,-70.8638631,32.1821526,-71.1476331,30.9903140,0.0000
218,239.06,489.06,235.98,510.94,7.1525,1,-70.8638631,32.1836354,-71.1001676,31.1324604,0.5232
219,264.06,507.81,264.09,510.94,23.3689,0,-70.8667816,32.1954979,-71.1001751,31.3257590,0.0000
220,289.06,492.19,285.98,535.55,19.8655,0,-70.8643495,32.2073603,-71.1556628,31.4761717,0.0000
221,423.44,504.69,434.95,538.35,14.5231,1,-70.8662952,32.2711211,-71.1619903,32.5002327,0.0318
222,460.94,510.94,455.50,533.11,8.6969,1,-70.8672680,32.2889148,-71.1501670,32.6415395,0.4202
223,464.06,510.94,464.24,529.22,6.4046,1,-70.8672680,32.2903976,-71.1413855,32.7015803,0.5730
224,539.06,495.31,539.37,513.70,8.3100,1,-70.8648359,32.3259849,-71.1064017,33.2180622,0.4460
225,676.56,498.44,711.18,514.91,19.8445,0,-70.8653224,32.3912285,-71.1091226,34.3991149,0.0000
226,135.94,535.94,133.20,559.33,13.4617,1,-70.8711594,32.1347027,-71.2092982,30.4259370,0.1026
227,182.81,535.94,189.04,553.53,21.3391,0,-70.8711594,32.1569449,-71.1962226,30.8098493,0.0000
228,214.06,535.94,214.07,539.06,26.2138,0,-70.8711594,32.1717729,-71.1635933,30.9818716,0.0000
229,264.06,514.06,264.09,543.83,9.4544,1,-70.8677545,32.1954979,-71.1743295,31.3257378,0.3697
230,289.06,523.44,289.03,563.97,16.3089,1,-70.8692137,32.2073603,-71.2197559,31.4971767,0.0000
231,410.94,535.94,413.99,563.96,3.5880,1,-70.8711594,32.2651898,-71.2197288,32.3561538,0.7608
232,420.31,532.81,426.78,560.92,6.2039,1,-70.8706730,32.2696383,-71.2128724,32.4440626,0.5864
233,457.81,535.94,451.37,563.02,9.6596,1,-70.8711594,32.2874319,-71.2176034,32.6131002,0.3560
234,464.06,517.19,475.02,562.64,22.5381,0,-70.8682409,32.2903976,-71.2167494,32.7756982,0.0000
235,492.19,526.56,489.17,559.77,11.7472,1,-70.8697002,32.3037428,-71.2102819,32.8729686,0.2169
236,514.06,535.94,514.36,562.40,6.1923,1,-70.8711594,32.3141225,-71.2162196,33.0461548,0.5872
237,654.69,520.31,663.12,537.67,8.3730,1,-70.8687273,32.3808488,-71.1604477,34.0687415,0.4418
238,95.31,554.69,95.36,568.76,23.1154,0,-70.8740780,32.1154262,-71.2305481,30.1658346,0.0000
239,182.81,542.19,165.23,589.03,19.9723,0,-70.8721323,32.1569449,-71.2762687,30.6461531,0.0000
240,189.06,548.44,204.89,584.22,29.3867,0,-70.8731051,32.1599105,-71.2654192,30.9187676,0.0000
241,214.06,560.94,214.07,582.12,13.0521,1,-70.8750508,32.1717729,-71.2606936,30.9818478,0.1299
242,310.94,539.06,289.00,566.62,16.5410,0,-70.8716459,32.2177400,-71.2257381,31.4969418,0.0000
243,317.19,539.06,363.76,576.97,52.9083,0,-70.8716459,32.2207056,-71.2490821,32.0108828,0.0000
244,385.94,539.06,370.37,564.72,14.4801,0,-70.8716459,32.2533274,-71.2214451,32.0563498,0.0000
245,410.94,560.94,414.04,573.05,15.2270,0,-70.8750508,32.2651898,-71.2402309,32.3565163,0.0000
246,420.31,560.94,420.43,573.59,14.4337,0,-70.8750508,32.2696383,-71.2414491,32.4004603,0.0000
247,454.69,560.94,452.14,585.29,6.1150,1,-70.8750508,32.2859491,-71.2678433,32.6183964,0.5923
248,464.06,560.94,465.21,585.44,3.3327,1,-70.8750508,32.2903976,-71.2681780,32.7082747,0.7778
249,489.06,560.94,490.11,588.01,4.0054,1,-70.8750508,32.3022600,-71.2739629,32.8794346,0.7330
250,520.31,560.94,514.23,586.92,12.9316,0,-70.8750508,32.3170881,-71.2715026,33.0452397,0.0000
251,539.06,560.94,539.44,587.30,7.5496,1,-70.8750508,32.3259849,-71.2723649,33.2185468,0.4967
252,564.06,551.56,564.54,587.26,13.4051,0,-70.8735916,32.3378474,-71.2722694,33.3910558,0.0000
253,135.94,585.94,124.66,613.98,4.5916,1,-70.8789422,32.1347027,-71.3325307,30.3672604,0.6939
254,139.06,585.94,164.08,614.07,40.1845,0,-70.8789422,32.1361855,-71.3327238,30.6382287,0.0000
255,176.56,585.94,164.08,613.60,2.3941,1,-70.8789422,32.1539792,-71.3316797,30.6382318,0.8404
256,214.06,567.19,239.15,595.36,35.9690,0,-70.8760237,32.1717729,-71.2905340,31.1542720,0.0000
257,264.06,564.06,289.06,589.35,33.1278,0,-70.8755373,32.1954979,-71.2769957,31.4973930,0.0000
258,301.56,585.94,326.62,601.39,33.6968,0,-70.8789422,32.2132916,-71.3041512,31.7555834,0.0000
259,335.94,576.56,364.00,589.06,35.6017,0,-70.8774829,32.2296024,-71.2763466,32.0125019,0.0000
260,354.69,570.31,384.46,607.44,33.7288,0,-70.8765101,32.2384993,-71.3177758,32.1531407,0.0000
261,410.94,579.69,414.06,601.96,6.4326,1,-70.8779694,32.2651898,-71.3054354,32.3566317,0.5712
262,454.69,564.06,458.35,613.34,22.2633,0,-70.8755373,32.2859491,-71.3310922,32.6611356,0.0000
263,464.06,567.19,465.45,613.21,19.0029,0,-70.8760237,32.2903976,-71.3307861,32.7098839,0.0000
264,489.06,585.94,489.51,611.61,5.3164,1,-70.8789422,32.3022600,-71.3271896,32.8752785,0.6456
265,567.19,585.94,564.55,613.31,12.3508,0,-70.8789422,32.3393302,-71.3310212,33.3911678,0.0000
266,85.94,610.94,64.08,622.09,21.2197,0,-70.8828336,32.1109778,-71.3508207,29.9508300,0.0000
267,129.69,610.94,145.06,651.57,32.1265,0,-70.8828336,32.1317371,-71.4173080,30.5074955,0.0000
268,179.69,610.94,208.15,611.09,51.6284,0,-70.8828336,32.1554621,-71.3260136,30.9411783,0.0000
269,189.06,610.94,214.06,614.06,46.6052,0,-70.8828336,32.1599105,-71.3327221,30.9818346,0.0000
270,223.44,610.94,239.21,623.04,32.1138,0,-70.8828336,32.1762214,-71.3529563,31.1546813,0.0000
271,264.06,598.44,310.96,626.04,54.7438,0,-70.8808879,32.1954979,-71.3597161,31.6479079,0.0000
272,301.56,592.19,338.65,637.15,45.4149,0,-70.8799151,32.2132916,-71.3847699,31.8382854,0.0000
273,335.94,589.06,348.72,636.55,24.5960,0,-70.8794286,32.2296024,-71.3834214,31.9075065,0.0000
274,360.94,598.44,388.74,611.04,34.4560,0,-70.8808879,32.2414649,-71.3258899,32.1825852,0.0000
275,485.94,610.94,465.05,620.00,33.1308,0,-70.8828336,32.3007772,-71.3461134,32.7072004,0.0000
276,642.19,610.94,662.97,636.41,7.2646,1,-70.8828336,32.3749176,-71.3831184,34.0677265,0.5157
277,682.81,601.56,686.80,636.51,14.4303,0,-70.8813743,32.3941941,-71.3833268,34.2315047,0.0000
278,689.06,604.69,698.31,636.83,8.7338,1,-70.8818608,32.3971597,-71.3840639,34.3106512,0.4177
279,39.06,614.06,54.76,639.89,37.0360,0,-70.8833200,32.0887357,-71.3909650,29.8867245,0.0000
280,142.19,632.81,172.78,663.51,45.2884,0,-70.8862386,32.1376684,-71.4442268,30.6980384,0.0000
281,179.69,617.19,189.07,663.98,26.5760,0,-70.8838065,32.1554621,-71.4452803,30.8100525,0.0000
282,189.06,620.31,214.06,648.05,37.2369,0,-70.8842929,32.1599105,-71.4093671,30.9818300,0.0000
283,226.56,620.31,239.06,663.11,24.9327,0,-70.8842929,32.1777042,-71.4433242,31.1536840,0.0000
284,239.06,620.31,264.06,641.42,35.6857,0,-70.8842929,32.1836354,-71.3944031,31.3255391,0.0000
285,270.31,614.06,289.43,650.57,27.0029,0,-70.8833200,32.1984635,-71.4150520,31.4999421,0.0000
286,307.81,617.19,338.74,640.33,36.9135,0,-70.8838065,32.2162572,-71.3919591,31.8389156,0.0000
287,485.94,635.94,465.46,649.79,30.9730,0,-70.8867250,32.3007772,-71.4132799,32.7099628,0.0000
288,523.44,626.56,539.50,638.26,20.4338,0,-70.8852657,32.3185709,-71.3872922,33.2189298,0.0000
289,685.94,614.06,687.30,660.96,24.0051,0,-70.8833200,32.3956769,-71.4384659,34.2349460,0.0000
290,710.94,626.56,700.78,660.22,28.8315,0,-70.8852657,32.4075394,-71.4368098,34.3275979,0.0000
291,723.44,629.69,735.76,661.44,7.1981,1,-70.8857522,32.4134706,-71.4395475,34.5681142,0.5201
292,60.94,660.94,56.16,687.44,16.7609,0,-70.8906164,32.0991154,-71.4981944,29.8963809,0.0000
293,139.06,651.56,170.37,692.19,46.4789,0,-70.8891571,32.1361855,-71.5089044,30.6814608,0.0000
294,164.06,645.31,189.07,664.77,40.8117,0,-70.8881843,32.1480480,-71.4470596,30.8100475,0.0000
295,214.06,648.44,239.06,664.17,39.5448,0,-70.8886707,32.1717729,-71.4457173,31.1536840,0.0000
296,273.44,639.06,309.45,673.54,43.0515,0,-70.8872114,32.1999463,-71.4668503,31.6375546,0.0000
297,289.06,654.69,310.94,672.17,32.0463,0,-70.8896435,32.2073603,-71.4637451,31.6477845,0.0000
298,520.31,660.94,539.63,662.85,32.5571,0,-70.8906164,32.3170881,-71.4427391,33.2198441,0.0000
299,164.06,664.06,185.94,732.82,48.9289,0,-70.8911028,32.1480480,-71.6005224,30.7884923,0.0000
300,364.06,679.69,411.09,690.23,54.0184,0,-70.8935349,32.2429477,-71.5044706,32.3362680,0.0000
301,485.94,664.06,498.92,712.48,17.4771,1,-70.8911028,32.3007772,-71.5546522,32.9399939,0.0000
302,498.44,685.94,515.09,711.74,13.0603,1,-70.8945078,32.3067084,-71.5529844,33.0511766,0.1293
303,335.94,692.19,364.01,737.29,32.6481,0,-70.8954806,32.2296024,-71.6105913,32.0125803,0.0000
304,435.94,695.31,451.62,689.89,42.1971,0,-70.8959671,32.2770523,-71.5037068,32.6148550,0.0000
305,485.94,698.44,489.57,737.85,5.2137,1,-70.8964535,32.3007772,-71.6118592,32.8757476,0.6524
306,501.56,695.31,515.27,738.40,11.2797,1,-70.8959671,32.3081913,-71.6131071,33.0524110,0.2480
